"Title","Description","Priority","Labels","Milestone","Status"
"PAIR-1: Generate device identity keypair (Ed25519/X25519) on first launch","Blocks: PAIR-2, SEC-1. Root of the critical path — start here.","High","epic:pairing","M1 Foundations","Done"
"PAIR-2: QR code / numeric code generation + display","Depends on: PAIR-1. Blocks: PAIR-3.","High","epic:pairing","M1 Foundations","In Progress"
"PAIR-3: Noise protocol handshake (snow crate integration)","Depends on: PAIR-2. Blocks: PAIR-4, CRYPTO-1. Critical path.","High","epic:pairing","M1 Foundations","Done"
"PAIR-4: Local allowlist storage (trusted peer public keys)","Depends on: PAIR-3. Blocks: PAIR-5, PAIR-6, SEC-3.","High","epic:pairing","M1 Foundations","Done"
"SEC-1: OS-native key storage (keyring crate + Android Keystore bridge)","Depends on: PAIR-1. Blocks: HIST-1.","High","epic:security","M1 Foundations","In Progress"
"DISC-1: mDNS continuous background browsing","Blocks: DISC-3, DISC-4, SYNC-1. No dependencies — start in parallel with PAIR track.","High","epic:discovery","M1 Foundations","Done"
"DISC-2: iOS local network permission flow (Info.plist + explainer screen)","Blocks: DISC-1 on iOS, UX-2. No dependencies.","High","epic:discovery","M1 Foundations","Todo"
"DISC-2b: Android NEARBY_WIFI_DEVICES permission flow","Blocks: DISC-1 on Android, UX-2. No dependencies.","High","epic:discovery","M1 Foundations","Todo"
"REL-1: Tauri updater setup (signed manifest, CI publish)","No dependencies. Do early so CI/signing exists before there is anything to ship.","Medium","epic:release","M1 Foundations","In Progress"
"CRYPTO-1: Per-message encryption (ChaCha20-Poly1305 AEAD)","Depends on: PAIR-3. Blocks: CRYPTO-2, SEC-2, SYNC-1, FILE-3. Critical path.","High","epic:crypto","M2 Secure channel","Done"
"CRYPTO-2: Sequence counter + replay rejection","Depends on: CRYPTO-1. Blocks: CRYPTO-3.","High","epic:crypto","M2 Secure channel","Done"
"CRYPTO-3: Timestamp secondary check (±2 min tolerance)","Depends on: CRYPTO-2.","Medium","epic:crypto","M2 Secure channel","Done"
"SEC-2: Redacted Debug/Display wrapper for clipboard payload types","Depends on: CRYPTO-1.","Medium","epic:security","M2 Secure channel","Done"
"SEC-3: Handshake rate limiting per source IP","Depends on: PAIR-4.","Medium","epic:security","M2 Secure channel","Done"
"PAIR-5: 3-device cap enforcement + limit-reached UI","Depends on: PAIR-4.","Medium","epic:pairing","M2 Secure channel","Done"
"PAIR-6: Device revocation (remove from allowlist)","Depends on: PAIR-4. Blocks: PAIR-7.","Medium","epic:pairing","M2 Secure channel","Done"
"PAIR-7: Revocation propagation to third device","Depends on: PAIR-6.","Medium","epic:pairing","M2 Secure channel","Done"
"SYNC-1: Basic text clipboard sync (encrypt → send → decrypt → write)","Depends on: CRYPTO-1, DISC-1. Blocks: SYNC-2/3/4/5/6, FILE-1, HIST-4, UX-1, TEST-1, TEST-4. The MVP milestone gate — everything downstream fans out from here.","High","epic:sync","M3 Text sync MVP","Done"
"SYNC-2: Echo-loop prevention (hash comparison before rebroadcast)","Depends on: SYNC-1. Ship with SYNC-1 — without it the MVP loops.","High","epic:sync","M3 Text sync MVP","Done"
"SYNC-3: Conflict resolution (timestamp + device-ID tiebreak)","Depends on: SYNC-1.","High","epic:sync","M3 Text sync MVP","Done"
"SYNC-6: Protocol version field + mismatch handling","Depends on: SYNC-1. Do before any external release — retrofitting versioning is painful.","High","epic:sync","M3 Text sync MVP","Done"
"DISC-4: Reconnect state machine (sleep/wake, network switch)","Depends on: DISC-1. Blocks: SYNC-5.","High","epic:discovery","M3 Text sync MVP","Done"
"SYNC-5: Offline queue (capped, e.g. 20 items / 24h) + reconnect delivery","Depends on: SYNC-1, DISC-4. Blocks: UX-4.","Medium","epic:sync","M3 Text sync MVP","Done"
"DISC-3: Manual IP / QR-code fallback pairing (blocked-multicast networks)","Depends on: DISC-1.","Medium","epic:discovery","M3 Text sync MVP","In Progress"
"UX-1: Per-device status indicator (connected/offline/error)","Depends on: SYNC-1.","Medium","epic:ux","M3 Text sync MVP","Done"
"UX-2: No-peers-found / permission-denied messaging","Depends on: DISC-2, DISC-2b.","Medium","epic:ux","M3 Text sync MVP","Todo"
"TEST-1: Docker Compose multi-device integration harness","Depends on: SYNC-1. Blocks: TEST-2, TEST-3. Build immediately after SYNC-1, not at the end — every later epic needs it.","High","epic:testing","M3 Text sync MVP","Done"
"TEST-3: Named test cases (unpaired rejection, resume, conflict, clock skew)","Depends on: TEST-1. Grows with each milestone.","Medium","epic:testing","M3 Text sync MVP","In Progress"
"TEST-4: cargo-fuzz on network message parser","Depends on: SYNC-1.","Medium","epic:testing","M3 Text sync MVP","Done"
"BG-1: Desktop background daemon (launchd/systemd/Windows Service)","No dependencies. Blocks: BG-6. Can start any time; only valuable once SYNC-1 works.","High","epic:background","M4 Always-on","In Progress"
"BG-2: Android foreground service","No dependencies. Blocks: BG-3, BG-7.","High","epic:background","M4 Always-on","Todo"
"BG-3: Android Accessibility Service (background clipboard read)","Depends on: BG-2. Blocks: TEST-5. Play Store policy risk — prototype early to validate approach.","High","epic:background","M4 Always-on","Todo"
"BG-4: iOS silent push → Notification Service Extension (receive)","No dependencies. Highest platform risk in the backlog — spike early.","Medium","epic:background","M4 Always-on","Todo"
"BG-5: iOS Share Extension (send)","No dependencies.","Medium","epic:background","M4 Always-on","Todo"
"BG-6: Auto-start on boot — desktop (tauri-plugin-autostart)","Depends on: BG-1.","Medium","epic:background","M4 Always-on","Done"
"BG-7: Auto-start on boot — Android (RECEIVE_BOOT_COMPLETED)","Depends on: BG-2.","Medium","epic:background","M4 Always-on","Todo"
"SYNC-4: Multi-format clipboard bundling (text/HTML/image)","Depends on: SYNC-1. Pairs naturally with the FILE track.","Medium","epic:sync","M5 Files & history","Done"
"FILE-1: Clipboard file-reference reading per OS","Depends on: SYNC-1. Blocks: FILE-2.","Medium","epic:file-transfer","M5 Files & history","In Progress"
"FILE-2: Chunking + BLAKE3 hashing","Depends on: FILE-1. Blocks: FILE-3.","Medium","epic:file-transfer","M5 Files & history","Done"
"FILE-3: Streaming AEAD encryption (secretstream) per chunk","Depends on: FILE-2, CRYPTO-1. Blocks: FILE-4.","Medium","epic:file-transfer","M5 Files & history","Done"
"FILE-4: Chunk streaming over LAN with progress reporting","Depends on: FILE-3. Blocks: FILE-5, FILE-6, UX-3.","Medium","epic:file-transfer","M5 Files & history","Done"
"FILE-5: Resume-from-last-chunk on reconnect","Depends on: FILE-4.","Medium","epic:file-transfer","M5 Files & history","Done"
"FILE-6: Temp file storage + clipboard pointer write on receipt","Depends on: FILE-4. Blocks: FILE-7.","Medium","epic:file-transfer","M5 Files & history","Done"
"FILE-7: Temp file cleanup (periodic + on app exit)","Depends on: FILE-6.","Medium","epic:file-transfer","M5 Files & history","Done"
"HIST-1: Local history storage (SQLCipher)","Depends on: SEC-1. Blocks: HIST-2, HIST-3.","Medium","epic:history","M5 Files & history","Done"
"HIST-2: Age-based retention sweep (default 30 days, starred exempt)","Depends on: HIST-1.","Medium","epic:history","M5 Files & history","Done"
"HIST-3: History list UI (search, device filter, star, delete)","Depends on: HIST-1. Blocks: HIST-4, HIST-5, HIST-6, HIST-7.","Medium","epic:history","M5 Files & history","In Progress"
"HIST-4: Star sync across devices","Depends on: HIST-3, SYNC-1.","Low","epic:history","M5 Files & history","Todo"
"HIST-5: Biometric gate on history screen open","Depends on: HIST-3.","Medium","epic:history","M5 Files & history","Todo"
"HIST-6: Sensitive-content detection + blur/reveal","Depends on: HIST-3.","Low","epic:history","M5 Files & history","Todo"
"HIST-7: Screenshot/recording protection (FLAG_SECURE / focus-blur)","Depends on: HIST-3.","Low","epic:history","M5 Files & history","Todo"
"UX-3: Delayed progress spinner (350ms threshold, rolling speed calc)","Depends on: FILE-4.","Low","epic:ux","M5 Files & history","Todo"
"UX-4: Reconnect synced-while-away toast","Depends on: SYNC-5.","Low","epic:ux","M6 Hardening","Done"
"TEST-2: tc netem fault injection (latency/loss/reorder)","Depends on: TEST-1. Exercises DISC-4, SYNC-5, FILE-5.","Medium","epic:testing","M6 Hardening","In Progress"
"TEST-5: Battery/performance profiling (Android + desktop)","Depends on: BG-3, DISC-1.","Low","epic:testing","M6 Hardening","Todo"
